IUPAC Name,Traditional Name,colour,SMILES,InChI,Folder,Molar mass,Formula,Lipinski's rule of five,Atom count,Heavy atom count,Asymmetric atom count,Rotatable bond count,Ring count,Aromatic ring count,FSP3,Hydrogen bond donor count,Hydrogen bond acceptor count,Formal charge,Topological polar surface area,Polarizability,Molar refractivity,HLB_x,logP_x,Van der Waals Volume (A^3),Van der Waals Surface Area (A^2),Solvent Accessible Surface Area (A^2),Topological Polar Surface Area (A^2),Minimum Projection Area (A^2),Maximum Projection Area (A^2),Minimum projection radius (A),Maximum projection radius (A),LogD at pH 7.4,HLB_y,logP_y,Average Solubility (mg/ml),MATS1e,MATS1v,GATS1p,ATS6e,GATS1v,JGI4,SpMAD_B(s),SpPosA_B(p),SpMAD_B(m),J_Dz(Z),SM6_B(s),AAC,SIC0,SIC1,Mi,nDB,nCL,DLS_02,P_VSA_MR_3,P_VSA_i_4,C-026,P-117,B01[S-P],B03[C-S],BLTF96
"O,O-diethyl {[(4-oxo-3,4-dihydro-1,2,3-benzotriazin-3-yl)methyl]sulfanyl}phosphonothioate",azinphos-ethyl,black,CCOP(=S)(OCC)SCN1N=NC2=CC=CC=C2C1=O,"InChI=1S/C12H16N3O3PS2/c1-3-17-19(20,18-4-2)21-9-15-12(16)10-7-5-6-8-11(10)13-14-15/h5-8H,3-4,9H2,1-2H3",calculation-result-20240129-224806,0.8671883439720053,C12H16N3O3PS2,True,0.7028062959237098,1.141853498218402,-0.6217567608386437,0.2217954711246666,1.531070893914381,1.6643570326110249,-0.6496501424045684,-0.4120816918460671,1.564965829062402,0.0,0.8080061637678704,0.9482655672587932,1.3857244219793408,-0.1695787950882358,0.8076850666236443,0.8731615259837321,0.7053753681823028,0.781560853493158,0.8080061637678704,0.2662913430324969,1.391063501388661,0.440375272887799,1.4559275670389416,0.8080159111256114,-0.1695787950882358,0.8076850666236443,-0.3127972383645644,1.6027673766072328,0.885332810728818,-1.1735574732394052,0.490850010606658,-0.8902945293623226,0.2589244900188923,-0.172909639539431,0.3454318013874406,0.5053429341082039,-1.1180656049895457,0.3921703233573684,0.6375214773282715,0.0206704461386953,0.6844839177481584,-0.3164094329993779,0.691223419610465,-0.518495139130856,0.2797514424720937,-0.3393987086858298,1.787857561528328,0.1571268246113515,-0.7679476477883044,0.4898979485566356,0.4644203640128238,0.1648345752197383
"O,O-dimethyl {[(4-oxo-3,4-dihydro-1,2,3-benzotriazin-3-yl)methyl]sulfanyl}phosphonothioate",azinphos-methyl,black,COP(=S)(OC)SCN1N=NC2=CC=CC=C2C1=O,"InChI=1S/C10H12N3O3PS2/c1-15-17(18,16-2)19-7-13-10(14)8-5-3-4-6-9(8)11-12-13/h3-6H,7H2,1-2H3",calculation-result-20240129-223038,0.3393828116502435,C10H12N3O3PS2,True,-0.1956264947416509,0.5732196276196797,-0.6217567608386437,-0.8783100656536798,1.531070893914381,1.6643570326110249,-1.0706777608270412,-0.4120816918460671,1.564965829062402,0.0,0.8080061637678704,0.3143005017872083,0.7244549494562251,0.2221122641371001,0.3371457142888419,0.0815735834216393,-0.2027692421165119,-0.3217436026719822,0.8080061637678704,-0.7302377612359393,0.6033254138592389,-0.6323253547692158,0.7330059569118149,0.3370794638023333,0.2221122641371001,0.3371457142888419,-0.307984067486424,1.237088105675188,0.8404954818669678,-1.2724395845878451,0.0190128956605184,-1.3022262587333249,0.8569585520514065,0.1144365283662642,0.6395301066516447,0.8393249696006813,-1.116794375945561,0.3946187121890964,1.3234708754226443,0.8082386009024205,1.2360536021283786,-0.5800830274139646,0.691223419610465,-0.518495139130856,0.2797514424720937,-0.3393987086858298,1.787857561528328,0.1571268246113515,-0.7679476477883044,0.4898979485566356,0.4644203640128238,0.6209294076319672
"dimethyl (2,2,2-trichloro-1-hydroxyethyl)phosphonate",briten,black,COP(=O)(OC)C(O)C(Cl)(Cl)Cl,"InChI=1/C4H8Cl3O4P/c1-10-12(9,11-2)3(8)4(5,6)7/h3,8H,1-2H3",calculation-result-20240129-223425,-0.7875431537953997,C4H8Cl3O4P,True,-1.8427532776281457,-1.4169989194758488,1.130466837888443,-1.428362834042853,-1.03450736075296,-0.9480514742721028,1.3853166799707166,2.4267032964268394,0.5436197090427292,0.0,0.32410713839188,-1.6603447841078902,-1.7848886804867556,-0.1378293876444199,-1.0533541670147044,-1.5558238554889072,-1.6531622779836548,-1.9315515137812287,0.32410713839188,-1.681405654499268,-1.7393985516545645,-1.765744885878514,-1.6702199362135002,-1.0534237515986578,-0.1378293876444199,-1.0533541670147044,1.4870007798023637,-1.375656848390397,-0.0312040586823573,0.8239248416277565,-1.3453298867282883,-0.7600692178873375,-0.2703700246535673,1.715796042195655,-1.2074378157767232,0.3222741888662715,1.3370091908605095,0.6399610551666985,1.0936564822455903,1.7765766128722138,0.7788389191443544,1.6024102647925444,-0.3291540093383165,2.3179782690555917,0.2797514424720937,2.7572802795484823,-0.7654288305260922,-0.7284970959253574,-0.7679476477883044,-2.0412414523193148,-2.15322168769582,1.01928619120125
"O,O-diethyl O-1,2,2,2-tetrachloroethyl phosphorothioate",chlorethoxyfos,black,CCOP(=S)(OCC)OC(Cl)C(Cl)(Cl)Cl,"InChI=1/C6H11Cl4O3PS/c1-3-11-14(15,12-4-2)13-5(7)6(8,9)10/h5H,3-4H2,1-2H3",calculation-result-20240129-223005,0.69050050267071,C6H11Cl4O3PS,True,-0.9443204869627848,-0.5640481135777651,1.130466837888443,0.2217954711246666,-1.03450736075296,-0.9480514742721028,1.3853166799707166,-0.4120816918460671,-1.4990725309966169,0.0,-1.4330785850627177,-0.141253629958766,-0.217331994042486,-1.0979038605650218,0.9159157170905552,-0.1846262000381258,-0.3589867782917667,-0.2036989958172409,-1.4330785850627177,0.8659098510062507,-0.6905989013986273,0.8249283280855956,-0.8886830604003897,0.9159828432753988,-1.0979038605650218,0.9159157170905552,-0.3141081265774787,-0.414484516691222,-0.5122306346894717,-0.4098637823867831,-0.649504505097425,-1.0312759374365563,1.2419000172677432,-0.5773312041773807,0.4939365842682224,-0.0406178126881977,1.035781294203871,-0.9873013834243732,1.475867504405593,1.3268594670098883,-0.5215914318790664,0.2048064003403427,-1.349531438287098,3.2634694051177404,0.2797514424720937,0.1627659622402537,-0.7654288305260922,-0.7284970959253574,-0.7679476477883044,0.4898979485566356,0.4644203640128238,-0.4999088775957437
"(1Z)-2-chloro-1-(2,4-dichlorophenyl)ethenyl diethyl phosphate",chlorfenvinphos,black,CCOP(=O)(OCC)O\C(=C/Cl)C1=CC=C(Cl)C=C1Cl,"InChI=1S/C12H14Cl3O4P/c1-3-17-20(16,18-4-2)19-12(8-13)10-6-5-9(14)7-11(10)15/h5-8H,3-4H2,1-2H3/b12-8-",calculation-result-20240129-223105,1.134195848558308,C12H14Cl3O4P,True,0.2535899005910295,0.857536562919041,-0.6217567608386437,0.2217954711246666,0.2482817665807105,0.358152779169461,-0.9654208562214228,-0.4120816918460671,-0.4777264109769438,0.0,-0.36449432074601,0.5602650900302824,0.5671424223086204,-1.193152082896469,1.0314057404546368,0.7109642918124619,0.4544552900768048,0.1381160866456292,-0.36449432074601,1.0629476113096827,0.345299450699312,0.9463661349901644,0.4496988394295623,1.0317371213870898,-1.193152082896469,1.0314057404546368,-0.3143726732951452,-0.0793072906017981,-0.148124679617407,0.6972841045958799,0.3772187850596564,-0.8267324373272201,0.2185972889009915,0.174038262474153,0.129990083281374,0.6969352511818508,-0.563091839398242,0.4519141961397189,-0.1010017937726705,-0.2623408425504636,0.660615273455655,-0.5712090953185499,0.691223419610465,2.3179782690555917,0.2797514424720937,0.1627659622402537,-0.7654288305260922,1.0427507451480604,1.302172098423647,-2.0412414523193148,-2.15322168769582,-2.1352437511797837
"O,O-dimethyl O-3,5,6-trichloropyridin-2-yl phosphorothioate",chlorpyrifos-oxon,black,COP(=S)(OC)OC1=NC(Cl)=C(Cl)C=C1Cl,"InChI=1S/C7H7Cl3NO3PS/c1-12-15(16,13-2)14-7-5(9)3-4(8)6(10)11-7/h3H,1-2H3",calculation-result-20240129-224909,0.4372291135423345,C7H7Cl3NO3PS,True,-1.3935368822954652,-0.2797311782784039,-0.6217567608386437,-1.428362834042853,0.2482817665807105,0.358152779169461,-1.1057633956955806,-0.4120816918460671,-0.4777264109769438,0.0,-0.6261628752184083,-0.2053429945009756,-0.2597924549097596,-0.5208928904991531,0.8822586245673083,-0.5623073677914006,-0.8899875412554764,-1.0449611686807203,-0.6261628752184083,-0.2199241374284896,-0.5312299241527908,0.1165411211422849,-0.8007601618714149,0.882127686678308,-0.5208928904991531,0.8822586245673083,-0.3143766217536178,-1.2045575747739723,-0.5391165400584207,-0.3574835014197771,-0.9988003622043988,-1.7854049717883669,2.3200925471560785,-0.2549232252124277,1.0710713891259125,0.6959373532947054,-0.3174026473923792,-0.8856452220563491,2.942584871050698,2.6547888457515607,1.6055599825982931,-1.0517677704828072,-1.349531438287098,2.3179782690555917,0.2797514424720937,-0.3393987086858298,0.4183283123214745,1.0427507451480604,-0.7679476477883044,0.4898979485566356,0.4644203640128238,-0.766772623276509
"O,O-diethyl O-6-methyl-2-(propan-2-yl)pyrimidin-4-yl phosphorothioate",diazinon,black,CCOP(=S)(OCC)OC1=CC(C)=NC(=N1)C(C)C,"InChI=1S/C12H21N2O3PS/c1-6-15-18(19,16-7-2)17-11-8-10(5)13-12(14-11)9(3)4/h8-9H,6-7H2,1-5H3",calculation-result-20240129-223218,0.0951433888503691,C12H21N2O3PS,True,1.1520226912563902,0.5732196276196797,-0.6217567608386437,0.2217954711246666,0.2482817665807105,0.358152779169461,0.2274907293089166,-0.4120816918460671,0.5436197090427292,0.0,0.1807528346259012,0.4909792905251907,0.5239858883123756,-0.9484745842261936,0.962111726436188,0.7345693647970414,0.9882332536836308,1.1982451597565025,0.1807528346259012,0.8970956835722613,0.8499678786444628,1.1082832108629213,-0.3904533020695319,0.9620469744737796,-0.9484745842261936,0.962111726436188,0.3565437338131457,0.0423824161871701,-0.4870862412128059,0.3333198379108459,0.938185302418856,0.8579852414016184,0.2225179890096778,-1.2350354064553075,-0.5254623257106065,-0.8435280555462583,-0.587056335805127,-1.3295243962669463,-0.7290217548969098,-0.9221062430445572,-0.7748654695010746,0.7700395131297153,-1.349531438287098,-0.518495139130856,0.2797514424720937,-0.3393987086858298,1.6020854551690344,-0.7284970959253574,-0.7679476477883044,0.4898979485566356,0.4644203640128238,-0.6017382078479145
"2,2-dichloroethenyl dimethyl phosphate",dichlorvos,black,COP(=O)(OC)OC=C(Cl)Cl,"InChI=1S/C4H7Cl2O4P/c1-8-11(7,9-2)10-3-4(5)6/h3H,1-2H3",calculation-result-20240129-223239,-1.4735962628311017,C4H7Cl2O4P,True,-2.142230874516599,-1.70131585477521,-0.6217567608386437,-1.428362834042853,-1.03450736075296,-0.9480514742721028,-0.3689650634562532,-0.4120816918460671,-0.4777264109769438,0.0,-0.36449432074601,-2.0327559564477555,-1.4646950411597737,-0.0953818103010578,-0.8982675642115087,-2.0587755095761895,-2.1540304139695605,-2.0903795157093925,-0.36449432074601,-1.1753446442235471,-2.0459941078798884,-0.4299290099282686,-2.060988374120056,-0.8983367769336207,-0.0953818103010578,-0.8982675642115087,-0.2629400532306201,-1.9710263522470295,-2.597148113311328,2.037098145443636,-2.275811008643905,0.229993607137879,1.7711945319401952,0.955515328344398,-1.2617087696000198,0.3853764222706303,1.1096243667111692,0.3520132022331908,1.058624575018687,2.068182888720021,1.235213485288998,1.2268946857699985,0.691223419610465,1.3724871329934425,0.2797514424720937,0.1627659622402537,-0.7654288305260922,-0.7284970959253574,1.302172098423647,-2.0412414523193148,-2.15322168769582,0.4159580470032309
"(2E)-3-[(dimethoxyphosphoryl)oxy]-N,N-dimethylbut-2-enamide",dicrotophos,black,COP(=O)(OC)O\C(C)=C\C(=O)N(C)C,"InChI=1S/C8H16NO5P/c1-7(6-8(10)9(2)3)14-15(11,12-4)13-5/h6H,1-5H3/b7-6+",calculation-result-20240129-223151,-1.168353434120812,C8H16NO5P,True,-0.1956264947416509,-0.5640481135777651,-0.6217567608386437,-0.8783100656536798,-1.03450736075296,-0.9480514742721028,0.0520625549662195,-0.4120816918460671,0.5436197090427292,0.0,0.9069143733531304,-1.2273085372010704,-1.1619032300570835,2.115688336356849,-1.9647354371049737,-0.7871398451296744,-0.6015752544679175,-1.1602549893574894,0.9069143733531304,-0.4368074275466558,-0.9827753596826616,-0.8954406030624456,-1.2989899202022728,-1.9644772346841193,2.115688336356849,-1.9647354371049737,0.3933287487951334,-0.4059728060053094,-2.892251001521129,2.8653623765395744,0.0184018579147802,2.4557076717094084,0.1833109879228235,1.273727897461848,-2.156743158949234,-1.0538024214684787,0.4699260222283456,0.9753311502884968,-0.9075582384225764,-0.5872968376794582,-0.2196641748933059,1.9710772751784773,1.7116008485592464,-0.518495139130856,0.2797514424720937,0.1627659622402537,-0.5450944718208887,-0.7284970959253574,1.302172098423647,-2.0412414523193148,-2.15322168769582,0.8649639264674467
"O,O-dimethyl {[(methylcarbamoyl)methyl]sulfanyl}phosphonothioate",dimethoate,black,CNC(=O)CSP(=S)(OC)OC,"InChI=1S/C5H12NO3PS2/c1-6-5(7)4-12-10(11,8-2)9-3/h4H2,1-3H3,(H,6,7)",calculation-result-20240129-223449,-1.3177948436644638,C5H12NO3PS2,True,-1.2437980838512384,-1.4169989194758488,-0.6217567608386437,-0.8783100656536798,-1.03450736075296,-0.9480514742721028,0.6836039825999288,2.4267032964268394,-0.4777264109769438,0.0,-0.1892139493290923,-1.154558447720725,-1.2454320055336876,2.3717542094363195,-1.578668787573614,-1.3517918880083326,-1.3289241028999037,-1.1695837424827886,-0.1892139493290923,-1.2235409309164735,-1.098128143212982,-1.138316216871581,-0.8007601618714149,-1.5788056261979595,2.3717542094363195,-1.578668787573614,-0.0632281158284269,-0.5904993188904247,0.3775013051113874,-0.9463872999388836,-1.0476983593059015,0.0213616409866328,1.2419000172677357,0.1479082595580123,0.0443046792086589,-0.4883656825130825,0.85342243149933,0.276121303575088,0.761923264784712,1.052456876546292,0.1978687350035353,0.4878057192848622,-0.3291540093383165,-0.518495139130856,0.2797514424720937,-0.3393987086858298,0.5047339431862589,-0.7284970959253574,-0.7679476477883044,0.4898979485566356,0.4644203640128238,1.9250398632648456
"O,O-diethyl {[2-(ethylsulfanyl)ethyl]sulfanyl}phosphonothioate",disulfoton,black,CCOP(=S)(OCC)SCCSCC,"InChI=1S/C8H19O2PS3/c1-4-9-11(12,10-5-2)14-8-7-13-6-3/h4-8H2,1-3H3",calculation-result-20240129-223259,-0.4684136768550409,C8H19O2PS3,True,0.1038511021468026,-0.8483650488771264,-0.6217567608386437,1.3219010079030131,-1.03450736075296,-0.9480514742721028,1.3853166799707166,-0.4120816918460671,-1.4990725309966169,0.0,-2.0108778094120563,0.1133716832224438,0.0617933306751663,-0.1243703997062807,0.1945980283080321,-0.0448654708819012,0.1500740995913304,0.9106086050597916,-2.0108778094120563,-0.5374526144642353,0.0819611882978577,-0.2680119340555134,1.328927824719312,0.1945974304824121,-0.1243703997062807,0.1945980283080321,-0.3128722590755444,-0.1607149886116485,0.9285946543481226,-1.0632673584919077,-0.0897231212607318,0.4239063759696957,-1.2987136531600596,-1.729622873414982,1.1133672633459537,-1.0442450007357005,0.8861862529503806,-2.14786333441319,-1.3409819685536728,-0.9671041168309094,-1.796958500421608,-0.4384017072636769,-1.349531438287098,-0.518495139130856,0.2797514424720937,-0.3393987086858298,-0.7654288305260922,-0.7284970959253574,-0.7679476477883044,0.4898979485566356,0.4644203640128238,-0.0244497402659511
"O,O-diethyl [({[diethoxy(sulfanylidene)-λ⁵-phosphanyl]sulfanyl}methyl)sulfanyl]phosphonothioate",ethion,black,CCOP(=S)(OCC)SCSP(=S)(OCC)OCC,"InChI=1S/C9H22O4P2S4/c1-5-10-14(16,11-6-2)18-9-19-15(17,12-7-3)13-8-4/h5-9H2,1-4H3",calculation-result-20240129-224931,1.6027291018492833,C9H22O4P2S4,True,1.301761489700617,0.5732196276196797,-0.6217567608386437,2.9720593130705324,-1.03450736075296,-0.9480514742721028,1.3853166799707166,-0.4120816918460671,-1.4990725309966169,0.0,-0.8552793607133787,1.8420523808744689,1.6718104779867096,0.5226963280888769,0.788546719894739,1.6556346383834628,1.806952003274122,2.2190260305824623,-0.8552793607133787,0.4746694060872053,1.6392237659571791,1.3106795557038666,1.944388114422136,0.788745529592764,0.5226963280888769,0.788546719894739,-0.3141278688698419,-0.7741217161925326,0.8823214269089186,-1.0010505713473048,1.1152925817846209,0.0834553326131097,-1.7221492648980228,-1.4496683090079658,1.263892637959208,-0.9145334715392944,2.4599148129807893,-1.492875536665427,-0.3895156328909784,-0.7657262920961713,-1.9836177448489063,-0.6481394254468447,-1.349531438287098,-0.518495139130856,-2.611013463072882,0.66493063316633,-0.7654288305260922,-0.7284970959253574,-0.7679476477883044,0.4898979485566356,0.4644203640128238,0.7088006581160469
ethyl bis(propylsulfanyl)phosphinate,ethoprophos,black,CCCSP(=O)(OCC)SCCC,"InChI=1S/C8H19O2PS2/c1-4-7-12-11(9,10-6-3)13-8-5-2/h4-8H2,1-3H3",calculation-result-20240129-224823,-1.0716737612128189,C8H19O2PS2,True,-0.0458876962974241,-1.1326819841764877,-0.6217567608386437,0.7718482395138399,-1.03450736075296,-0.9480514742721028,1.3853166799707166,-0.4120816918460671,-0.4777264109769438,0.0,-1.5200927694446873,-0.5829506018037225,-0.6154858238142987,-0.9515805045196104,0.3199871965318924,-0.4942967119645424,-0.1580563117623497,0.5013394615370691,-1.5200927694446873,0.8432292455036968,-0.6010487141843005,1.1082832108629213,-0.878913849452726,0.3201188882751355,-0.9515805045196104,0.3199871965318924,-0.3078024383966829,-0.3402858413831963,1.4138207411290518,-0.7510092967930959,0.1797221106675406,1.0019927423586177,-0.7240510372299583,-0.5421183953615175,0.8264607925714486,-0.6453315050227371,1.134333839773177,0.1644622351517193,-1.713341112661216,-1.1448771838472345,-1.858291172763256,0.1672573941888309,-0.3291540093383165,-0.518495139130856,0.2797514424720937,-0.8415633796119046,-0.7654288305260922,-0.7284970959253574,1.302172098423647,0.4898979485566356,0.4644203640128238,-0.2323787612944176
"O,O-dimethyl O-3-methyl-4-nitrophenyl phosphorothioate",fenitrothion,black,COP(=S)(OC)OC1=CC=C(C(C)=C1)[N+]([O-])=O,"InChI=1S/C9H12NO5PS/c1-7-6-8(4-5-9(7)10(11)12)15-16(17,13-2)14-3/h4-6H,1-3H3",calculation-result-20240129-223054,-0.4149745427447443,C9H12NO5PS,True,-0.4951040916301044,0.0045857570209573,-0.6217567608386437,-0.8783100656536798,0.2482817665807105,0.358152779169461,-0.9654208562214228,-0.4120816918460671,0.5436197090427292,0.0,1.2674911374107896,-0.4461111477811675,-0.4178010551863355,-0.5188222769702084,0.2513531255040954,-0.5078521004111324,-0.4960416300295236,-0.6419111939081975,1.2674911374107896,-0.564385833498518,-0.5023917282702112,-0.5311271823487431,-0.6737604195517846,0.2514186582213895,-0.5188222769702084,0.2513531255040954,-0.3136185177268721,1.994657583525792,-0.2266930921561293,-0.0328851366417413,-0.5318833011601161,-0.3391843689297155,0.2337199893202052,1.275325676001834,-0.2435580242545053,0.1468258813370631,-0.6394350623693273,1.0496878926530753,0.54707004816479,0.4663773046654052,0.9528245861515364,-0.0524480455189438,0.691223419610465,-0.518495139130856,0.2797514424720937,3.3422928109208416,-0.3655627721351678,1.0427507451480604,-0.7679476477883044,0.4898979485566356,0.4644203640128238,-0.1923736787763061
"O,O-dimethyl O-3-methyl-4-(methylsulfanyl)phenyl phosphorothioate",fenthion,black,COP(=S)(OC)OC1=CC=C(SC)C(C)=C1,"InChI=1S/C10H15O3PS2/c1-8-7-9(5-6-10(8)16-4)13-14(15,11-2)12-3/h5-7H,1-4H3",calculation-result-20240129-225854,-0.394464452540441,C10H15O3PS2,True,-0.1956264947416509,-0.2797311782784039,-0.6217567608386437,-0.8783100656536798,0.2482817665807105,0.358152779169461,-0.7198214121416471,-0.4120816918460671,-1.4990725309966169,0.0,-1.4330785850627177,0.0614073335936253,0.0304700398714396,-0.1399000011733645,0.7053939030726001,-0.2075301322409851,-0.2273474678080851,-0.2346752401691935,-1.4330785850627177,-0.2085838346772132,-0.6389937087666426,-0.5918460858010257,-0.5467606772321542,0.7055925133893826,-0.1399000011733645,0.7053939030726001,-0.3136777446039616,-0.4639437336356363,0.4523695507887264,-0.3755021017601576,0.1184752588909046,-0.4303534923256688,0.5949844993347361,-1.0751055675315404,0.9983840233160411,0.1449359480505342,-0.5766664858476546,-1.5360630601082477,-0.7134205054529947,-0.4658613599245312,0.3508017743175747,-1.3483896998423903,-1.349531438287098,-0.518495139130856,0.2797514424720937,-0.3393987086858298,-0.7654288305260922,1.0427507451480604,-0.7679476477883044,0.4898979485566356,0.4644203640128238,-0.6487314220146779
"1,4-diethyl 2-{[dimethoxy(sulfanylidene)-λ⁵-phosphanyl]sulfanyl}butanedioate",malathion,black,CCOC(=O)CC(SP(=S)(OC)OC)C(=O)OCC,"InChI=1/C10H19O6PS2/c1-5-15-9(11)7-8(10(12)16-6-2)19-17(18,13-3)14-4/h8H,5-7H2,1-4H3",calculation-result-20240129-223250,0.5845630642760036,C10H19O6PS2,True,0.8525450943679366,0.5732196276196797,1.130466837888443,2.4220065446813592,-1.03450736075296,-0.9480514742721028,0.6836039825999288,-0.4120816918460671,0.5436197090427292,0.0,1.2818891679200366,0.5065685954138363,0.3443990210376769,0.7176791020644848,-0.5788551567359908,0.8402079092428827,0.940048822525574,0.8372941734468669,1.2818891679200366,1.1706804874468106,0.4788658316291567,0.602292348760556,0.2054685657379652,-0.5785936312944275,0.7176791020644848,-0.5788551567359908,-0.2856634317406264,0.7630758537518059,-0.234427579112691,-0.546566378639732,1.1411772416543884,0.6554629642655717,0.310341671444213,0.5396582201705857,-0.9300476005668328,-0.7780158599409371,0.7511868232273671,1.0172362143189426,-0.6276314944104074,-0.7774153290048998,-0.808641922483647,0.3240929388609198,0.691223419610465,-0.518495139130856,-2.611013463072882,-0.3393987086858298,-0.7654288305260922,-0.7284970959253574,-0.7679476477883044,0.4898979485566356,0.4644203640128238,0.9403867812902492
ethyl N-(2-{[diethoxy(sulfanylidene)-λ⁵-phosphanyl]sulfanyl}acetyl)-N-methylcarbamate,mecarbam,black,CCOC(=O)N(C)C(=O)CSP(=S)(OCC)OCC,"InChI=1S/C10H20NO5PS2/c1-5-14-10(13)11(4)9(12)8-19-17(18,15-6-2)16-7-3/h5-8H2,1-4H3",calculation-result-20240129-224639,0.5661227996886475,C10H20NO5PS2,True,1.0022838928121631,0.5732196276196797,-0.6217567608386437,1.3219010079030131,-1.03450736075296,-0.9480514742721028,0.6836039825999288,-0.4120816918460671,0.5436197090427292,0.0,0.9069143733531304,0.5793186848941823,0.5246819614413467,0.2024414356121272,-0.4712844492597315,0.9168659680442904,1.0868238765142355,1.0853433270605786,0.9069143733531304,1.088463292500055,0.5448901222024324,0.440375272887799,0.6939291131211593,-0.4712206492603785,0.2024414356121272,-0.4712844492597315,-0.304406764110218,0.7320610413872576,-0.5471595898194145,-0.5147491009146791,0.6921891754769176,0.8378310387469623,-0.3459835267496366,0.2286795983292892,-1.0745982337657525,-0.7048081245635992,0.6224263214957426,0.9998392483039694,-0.1652395912433594,-0.549983170195632,-0.916621818584732,0.7112778064589952,0.691223419610465,-0.518495139130856,0.2797514424720937,-0.3393987086858298,-0.5450944718208887,-0.7284970959253574,-0.7679476477883044,0.4898979485566356,0.4644203640128238,1.263831925112309
"O-3-chloro-4-methyl-2-oxo-2H-chromen-7-yl O,O-diethyl phosphorothioate",meldane,black,CCOP(=S)(OCC)OC1=CC=C2C(C)=C(Cl)C(=O)OC2=C1,"InChI=1S/C14H16ClO5PS/c1-4-17-21(22,18-5-2)20-10-6-7-11-9(3)13(15)14(16)19-12(11)8-10/h6-8H,4-5H2,1-3H3",calculation-result-20240129-223025,1.1944089574149794,C14H16ClO5PS,True,0.8525450943679366,1.4261704335177634,-0.6217567608386437,-0.3282572972645065,1.531070893914381,1.6643570326110249,-0.8601639516158048,-0.4120816918460671,-0.4777264109769438,0.0,0.2133049036033289,1.114551486071011,1.1622849475794252,-0.5640306723521635,0.9317543488662008,1.1099133966112489,0.8197960346786674,0.7124324008467137,0.2133049036033289,0.276214107939864,1.7371218519796214,0.5010941763400834,1.055389918184723,0.9314915407419024,-0.5640306723521635,0.9317543488662008,-0.3144082094213989,0.3621638267120266,0.3892411055968206,-0.3108577377833957,0.5379447684373242,-0.8608736342591481,0.6858734563997078,-0.0030758101856906,0.0703171991663345,0.2467981377486361,-1.1392332568955554,0.4507101232118164,-0.2398581775900862,-0.5484345982091651,0.7745113435408298,-1.1859029033163937,0.691223419610465,0.4269959969312932,0.2797514424720937,-0.3393987086858298,-0.7654288305260922,1.0427507451480604,-0.7679476477883044,0.4898979485566356,0.4644203640128238,-1.1842960561903677
"1,2-dibromo-2,2-dichloroethyl dimethyl phosphate",naled,black,COP(=O)(OC)OC(Br)C(Cl)(Cl)Br,"InChI=1/C4H7Br2Cl2O4P/c1-10-13(9,11-2)12-3(5)4(6,7)8/h3H,1-2H3",calculation-result-20240129-223331,1.5334840266641108,C4H7Br2Cl2O4P,True,-1.8427532776281457,-1.1326819841764877,1.130466837888443,-0.8783100656536798,-1.03450736075296,-0.9480514742721028,1.3853166799707166,-0.4120816918460671,-0.4777264109769438,0.0,-0.36449432074601,-0.906861714490024,-1.0428747250029229,-1.1617477777074776,-0.0542004791677327,-1.0138420312192018,-1.2157531766929417,-1.7321793155777283,-0.36449432074601,-0.7529183667384922,-1.3986525003051318,-1.279993658260244,-1.7386044128471476,-0.0542676680119939,-1.1617477777074776,-0.0542004791677327,-0.3043435887746559,-2.018425436711716,-1.3154055437526435,0.193319557377874,-1.4785049173170337,-1.381670990750434,2.829783561285115,0.1556420678013404,0.8270510067906107,5.14367580242644,1.1660213080135031,0.35396228781382,2.5815581647758585,2.843431967182249,0.5277679347715071,0.3566008413568957,-0.3291540093383165,1.3724871329934425,0.2797514424720937,0.1627659622402537,-0.7654288305260922,-0.7284970959253574,1.302172098423647,-2.0412414523193148,-2.15322168769582,-0.4694637943785972
"O,O-dimethyl O-4-nitrophenyl phosphorothioate",paraoxon-ethyl,black,COP(=S)(OC)OC1=CC=C(C=C1)N(=O)=O,"InChI=1S/C8H10NO5PS/c1-12-15(16,13-2)14-8-5-3-7(4-6-8)9(10)11/h3-6H,1-2H3",calculation-result-20240129-224858,-0.6789713918882142,C8H10NO5PS,True,-0.9443204869627848,-0.2797311782784039,-0.6217567608386437,-0.8783100656536798,0.2482817665807105,0.358152779169461,-1.246105935169738,-0.4120816918460671,0.5436197090427292,0.0,1.4352594929098397,-0.7509686656035685,-0.6990145992909029,0.3318547811711587,-0.0871976287003277,-0.9240960111590176,-0.88790464077314,-1.0202040930789662,1.4352594929098397,-0.7543359045824015,-1.1497333358449673,-0.9966387754829182,-0.7030680523947764,-0.0873968855787382,0.3318547811711587,-0.0871976287003277,-0.3115021439855406,1.7665486853174657,-0.3429644970111057,-0.0438525162082019,-0.8409802706961228,-0.5502413658369064,0.4739040548018234,1.4072250446772538,-0.3743328136106916,0.3946524633516647,-0.6985513172563507,1.0473906136300717,0.9128353966268036,0.9556632701351924,1.0143679063183586,-0.1791809897876843,0.691223419610465,-0.518495139130856,0.2797514424720937,3.3422928109208416,-0.3655627721351678,1.0427507451480604,-0.7679476477883044,0.4898979485566356,0.4644203640128238,0.060334381491388
"O,O-diethyl {[(ethylsulfanyl)methyl]sulfanyl}phosphonothioate",phorate,black,CCOP(=S)(OCC)SCSCC,"InChI=1S/C7H17O2PS3/c1-4-8-10(11,9-5-2)13-7-12-6-3/h4-7H2,1-3H3",calculation-result-20240129-224812,-0.7324105259985098,C7H17O2PS3,True,-0.3453652931858776,-1.1326819841764877,-0.6217567608386437,0.7718482395138399,-1.03450736075296,-0.9480514742721028,1.3853166799707166,-0.4120816918460671,-1.4990725309966169,0.0,-2.0108778094120563,-0.2053429945009756,-0.298076477003203,0.090628305049124,0.2830303890553862,-0.441477439741621,-0.2735878585159603,0.4740707985554269,-2.0108778094120563,-0.5941541282206194,-0.359718548640604,-0.0656155892145662,0.6939291131211593,0.2828320198982222,0.090628305049124,0.2830303890553862,-0.3119759590022566,-0.2849300937948748,0.9222292738818894,-1.1059492684567724,-0.3184894468052656,0.2542212494107598,-1.177732049806349,-1.7653445882063712,1.2258137126046815,-0.9379288399977008,1.4180381767699113,-2.167964377548179,-1.085595815575387,-0.6385167669713414,-1.422618897346452,-0.5868322918046981,-1.349531438287098,-0.518495139130856,0.2797514424720937,-0.3393987086858298,-0.7654288305260922,-0.7284970959253574,-0.7679476477883044,0.4898979485566356,0.4644203640128238,0.2412567535800148
"O,O-dimethyl {[(1,3-dioxo-2,3-dihydro-1H-isoindol-2-yl)methyl]sulfanyl}phosphonothioate",phosmet,black,COP(=S)(OC)SCN1C(=O)C2=CC=CC=C2C1=O,"InChI=1S/C11H12NO4PS2/c1-15-17(18,16-2)19-7-12-10(13)8-5-3-4-6-9(8)11(12)14/h3-6H,7H2,1-2H3",calculation-result-20240129-222909,0.3391946456850666,C11H12NO4PS2,True,-0.1956264947416509,0.5732196276196797,-0.6217567608386437,-0.8783100656536798,1.531070893914381,0.358152779169461,-1.1759346654326592,-0.4120816918460671,0.5436197090427292,0.0,0.3291151490037923,0.3177647917624628,0.4550746485441766,1.6290941570548902,-0.3861518034656369,0.0836770057667999,-0.2002697615377077,-0.4411038029161895,0.3291151490037923,-0.8408057130608859,0.7217137969561465,-0.7740027961578787,0.6939291131211593,-0.3859558104232603,1.6290941570548902,-0.3861518034656369,-0.3138830644445386,0.3324375853378782,1.0069285596010813,-1.2558974713403972,0.2218192294340127,-1.3737538949402006,-0.2922869817828622,1.089724712894271,0.792752593223743,0.8924577654952349,-1.1174927589322106,1.0093278443473743,0.698105161489087,0.4170648549156768,0.8121272564264376,-1.726533417078678,0.691223419610465,-0.518495139130856,0.2797514424720937,-0.3393987086858298,-0.5450944718208887,-0.7284970959253574,-0.7679476477883044,0.4898979485566356,0.4644203640128238,0.5305694267649272
"(2Z)-2-chloro-3-[(dimethoxyphosphoryl)oxy]-N,N-diethylbut-2-enamide",phosphamidon,black,CCN(CC)C(=O)C(\Cl)=C(/C)OP(=O)(OC)OC,"InChI=1S/C10H19ClNO5P/c1-6-12(7-2)10(13)9(11)8(3)17-18(14,15-4)16-5/h6-7H2,1-5H3/b9-8-",calculation-result-20240129-225826,0.0076462150430187,C10H19ClNO5P,True,0.7028062959237098,0.2889026923203185,-0.6217567608386437,0.2217954711246666,-1.03450736075296,-0.9480514742721028,0.3327476339145345,-0.4120816918460671,0.5436197090427292,0.0,0.9069143733531304,-0.2625037790926755,-0.1672147287565236,1.5034769362989235,-1.2368183184159316,0.3293099929627731,0.4897257382443729,0.031792220897032,0.9069143733531304,0.1302077100171769,0.0174546975078766,-0.1060948581827563,-0.2341459269069096,-1.2368223484472267,1.5034769362989235,-1.2368183184159316,-0.2152957690520807,-0.0192032283618472,-1.9475239378212783,2.0618290795312433,0.8185703019825777,1.6803222497394297,0.4479582452590571,0.8267065833012662,-1.9992657507865288,-0.493191753740737,0.6242108869164146,1.0052908408568813,-0.4672545291831485,-0.6365195175812763,-0.6492368386225318,1.6764518524583876,1.7116008485592464,0.4269959969312932,0.2797514424720937,0.1627659622402537,-0.5450944718208887,-0.7284970959253574,1.302172098423647,-2.0412414523193148,-2.15322168769582,0.1383598672432523
"O,O-diethyl O-quinoxalin-2-yl phosphorothioate",quinalphos,black,CCOP(=S)(OCC)OC1=NC2=CC=CC=C2N=C1,"InChI=1S/C12H15N2O3PS/c1-3-15-18(19,16-4-2)17-12-9-13-10-7-5-6-8-11(10)14-12/h5-9H,3-4H2,1-2H3",calculation-result-20240129-224626,-0.0185088541165977,C12H15N2O3PS,True,0.2535899005910295,0.5732196276196797,-0.6217567608386437,-0.3282572972645065,1.531070893914381,1.6643570326110249,-0.9654208562214228,-0.4120816918460671,0.5436197090427292,0.0,0.1807528346259012,0.5412114951663823,0.2671349037218172,-0.62960010076874,0.3708028068120884,0.1626722005072744,0.1298005348965865,0.205211349508355,0.1807528346259012,0.172733845334465,0.7816668883962464,1.0880435763788272,0.2836222533192764,0.3705386536555986,-0.62960010076874,0.3708028068120884,-0.3115015279075651,-0.3349744080035339,0.0006319564089411,-0.0546241573395266,-0.0915961244951225,-0.4671724670311397,-0.0848648995112232,-0.5757018083997932,0.1805519038494638,0.3799944693420589,-1.06894099419363,-1.2032938566013909,0.0189816816937456,-0.1892557113520157,0.403419692995956,-0.4453243466488571,-1.349531438287098,-0.518495139130856,0.2797514424720937,-0.3393987086858298,1.6020854551690344,-0.7284970959253574,-0.7679476477883044,0.4898979485566356,0.4644203640128238,-0.1267098785253975
[methoxy(methylsulfanyl)phosphoryl]amine,tamaron,black,COP(N)(=O)SC,"InChI=1/C2H8NO2PS/c1-5-6(3,4)7-2/h1-2H3,(H2,3,4)",calculation-result-20240129-223211,-2.9761014947702336,C2H8NO2PS,True,-2.591447269849279,-2.838583595972655,1.130466837888443,-2.5284683708211992,-1.03450736075296,-0.9480514742721028,1.3853166799707166,2.4267032964268394,-0.4777264109769438,0.0,0.1087626820796673,-2.822614070805795,-2.8923410286807316,0.4971587612318947,-2.014231161403866,-3.035698332106318,-2.8974870261316172,-2.5645911329120787,0.1087626820796673,-2.534763436532837,-2.7715024042942695,-2.797966244567339,-2.354064702549972,-2.0143690444061484,0.4971587612318947,-2.014231161403866,6.9424320297640865,-2.601958853601876,1.709584570651793,0.2170853747955294,-4.9439631388450405,0.4507566950178907,-2.9924561001119203,1.3756909278173488,-0.7633124129136608,-0.5451025228716606,1.8716109981999456,0.1994844894190855,0.837326162502322,2.4989524494472897,1.1027041557613588,1.9732551200052295,-0.3291540093383165,-0.518495139130856,-2.611013463072882,-0.8415633796119046,1.2251762628265446,-0.7284970959253574,1.302172098423647,0.4898979485566356,0.4644203640128238,2.3823393139158076
"O,O-diethyl O-1-phenyl-1H-1,2,4-triazol-3-yl phosphorothioate",triazophos,black,CCOP(=S)(OCC)OC1=NN(C=N1)C1=CC=CC=C1,"InChI=1S/C12H16N3O3PS/c1-3-16-19(20,17-4-2)18-12-13-10-15(14-12)11-8-6-5-7-9-11/h5-10H,3-4H2,1-2H3",calculation-result-20240129-223227,0.2639282596142271,C12H16N3O3PS,True,0.553067497479483,0.857536562919041,-0.6217567608386437,0.2217954711246666,1.531070893914381,1.6643570326110249,-0.9654208562214228,-0.4120816918460671,0.5436197090427292,0.0,0.4893714885849737,0.6243544545724912,0.6694651722674603,-0.7079383126138066,0.4744138563444362,0.4314428335000126,0.437097786057332,0.7056152351013024,0.4893714885849737,0.276214107939864,0.7801490886129531,1.1082832108629213,0.5669293708015289,0.4746779072817383,-0.7079383126138066,0.4744138563444362,-0.314234477248603,0.3200017582680206,-0.4378188867996502,0.0278689826534444,0.1517380293964202,-0.2531844267798984,-1.1219554232601812,-0.7702373848618854,-0.1965450917659267,0.08900500486926,-1.1978039045520663,-1.1751518816660909,0.2120974888405518,-0.1811338141926624,0.4771336988793882,0.2253428870215545,0.691223419610465,-0.518495139130856,0.2797514424720937,-0.3393987086858298,1.805138687701285,0.1571268246113515,-0.7679476477883044,0.4898979485566356,0.4644203640128238,-1.0301597985070814
"dimethyl [({6-chloro-2-oxo-2H,3H-[1,3]oxazolo[4,5-b]pyridin-3-yl}methyl)sulfanyl]phosphonate",azamethiphos,blue,COP(=O)(OC)SCN1C(=O)OC2=CC(Cl)=CN=C12,"InChI=1S/C9H10ClN2O5PS/c1-15-18(14,16-2)19-5-12-8-7(17-9(12)13)3-6(10)4-11-8/h3-4H,5H2,1-2H3",calculation-result-20240301-123926,0.4776847960554113,C9H10ClN2O5PS,True,-0.4951040916301044,0.5732196276196797,-0.6217567608386437,-0.8783100656536798,1.531070893914381,1.6643570326110249,-0.9654208562214228,-0.4120816918460671,2.586311949082075,0.0,1.7138300831974398,-0.1932179795875845,-0.2312534566219202,0.4874958980968202,-0.8019158875763318,-0.1626571222108926,-0.3344085526001927,-0.3138500423351913,1.7138300831974398,-1.2844950582045855,0.4348496379136399,-0.0858552236986604,0.6060062145921845,-0.801984869269385,0.4874958980968202,-0.8019158875763318,-0.303943590329102,-0.592237853713814,-0.3889631834846711,0.0232221385596813,0.167631072725871,-0.8801867081204393,0.0870756216187413,1.1894416153364282,-0.4511959501484873,0.7718976071495063,-1.0350060474605778,1.0350963678793752,2.115466847471597,1.466858613104718,2.034157745952327,0.03683013137729,0.691223419610465,0.4269959969312932,0.2797514424720937,-0.3393987086858298,0.6386626710266747,1.0427507451480604,1.302172098423647,0.4898979485566356,0.4644203640128238,1.0010456036632152
1-(4-chlorophenyl)-1H-pyrazol-4-yl ethyl (propylsulfanyl)phosphonate,boltage,blue,CCCSP(=O)(OCC)OC1=CN(N=C1)C1=CC=C(Cl)C=C1,"InChI=1/C14H18ClN2O3PS/c1-3-9-22-21(18,19-4-2)20-14-10-16-17(11-14)13-7-5-12(15)6-8-13/h5-8,10-11H,3-4,9H2,1-2H3",calculation-result-20240301-124219,1.1573402622750917,C14H18ClN2O3PS,True,1.1520226912563902,1.4261704335177634,1.130466837888443,0.7718482395138399,1.531070893914381,1.6643570326110249,-0.8601639516158048,-0.4120816918460671,0.5436197090427292,0.0,0.1732408187080334,1.2513909400935672,1.2757448676018122,-1.14000633565356,0.9627716694268396,1.2398581548233905,1.2020777032035348,1.746010407370198,0.1732408187080334,1.1309894278173422,1.0510763499308764,-0.0858552236986604,1.7099270516782024,0.9626409245895186,-1.14000633565356,0.9627716694268396,-0.3139939013142881,0.7194851592123284,0.689292974941333,-0.2587600631443063,0.6702071309603443,-0.640785393772875,-0.5087263803989207,-0.0772366622820017,0.6876376782342647,0.6418259661798312,-1.1695193437138391,0.3852781666742255,0.2763327225898343,-0.3366976979774363,0.851662316524745,-0.3553926193911348,-0.3291540093383165,0.4269959969312932,0.2797514424720937,-0.8415633796119046,0.5349759139889336,1.9283746656847691,1.302172098423647,0.4898979485566356,0.4644203640128238,-0.8062680807471571
dimethyl [(2-{[2-(methylcarbamoyl)ethyl]sulfanyl}ethyl)sulfanyl]phosphonate,dimethyl (2-{[2-(methylcarbamoyl)ethyl]sulfanyl}ethyl)sulfanylphosphonate,blue,CNC(=O)CCSCCSP(=O)(OC)OC,"InChI=1S/C8H18NO4PS2/c1-9-8(10)4-5-15-6-7-16-14(11,12-2)13-3/h4-7H2,1-3H3,(H,9,10)",calculation-result-20240301-124226,-0.2249269179158753,C8H18NO4PS2,True,0.2535899005910295,-0.2797311782784039,-0.6217567608386437,1.3219010079030131,-1.03450736075296,-0.9480514742721028,0.9292034266797043,2.4267032964268394,0.5436197090427292,0.0,0.879370314987615,-0.2434501842287755,-0.2674492593284484,2.2451016819158807,-1.6723806922461832,0.0441794083965627,0.1970087904599847,0.6608850598594866,0.879370314987615,-1.319933504302325,0.6761798034573353,-0.9966387754829182,1.661080996939884,-1.6721217888261986,2.2451016819158807,-1.6723806922461832,0.0688720989170863,-0.1862672138273406,0.4309276743617491,0.0709655019658083,0.4047892882188914,0.8114964627678434,-0.7240510372299583,0.8332172563886728,-0.8721437775665838,-0.4302770755823626,0.5782716107202805,0.9517135837571152,-0.0977850624791145,-0.2603814458276862,-0.3906473363824171,0.8514571602876211,0.691223419610465,-0.518495139130856,0.2797514424720937,-0.3393987086858298,0.5047339431862589,-0.7284970959253574,1.302172098423647,0.4898979485566356,0.4644203640128238,1.143246233442477
"O,O-diethyl [(chloromethyl)sulfanyl]phosphonothioate",dotan,blue,CCOP(=S)(OCC)SCCl,"InChI=1S/C5H12ClO2PS2/c1-3-7-9(10,8-4-2)11-5-6/h3-5H2,1-2H3",calculation-result-20240301-123947,-1.215432558608122,C5H12ClO2PS2,True,-1.3935368822954652,-1.70131585477521,-0.6217567608386437,-0.3282572972645065,-1.03450736075296,-0.9480514742721028,1.3853166799707166,-0.4120816918460671,-1.4990725309966169,0.0,-2.0108778094120563,-1.050629748463088,-1.1737364732496027,-0.2748349828095814,0.0315921096170137,-1.3447804801911305,-1.2604661070471028,-0.8754888202377928,-2.0108778094120563,-0.7784340479288646,-1.2567382205671718,-0.1465741271509447,-0.8496062166097341,0.0314591320262538,-0.2748349828095814,0.0315921096170137,-0.3011019043686236,-0.3103109387750919,0.5163209602522111,-1.125808475750633,-1.1341114143428108,-0.2950919074022839,-1.4045725560945483,-1.3320554048346154,1.1625137672314616,-0.5932151592274132,1.328777076917434,-1.851027603607436,0.4538946977072006,0.9498879713921644,-0.7676730045168113,-0.4091740194643833,-1.349531438287098,0.4269959969312932,0.2797514424720937,-0.3393987086858298,-0.7654288305260922,-0.7284970959253574,-0.7679476477883044,0.4898979485566356,0.4644203640128238,0.5226549121062688
"O-4-(dimethylsulfamoyl)phenyl O,O-dimethyl phosphorothioate",famphur,blue,COP(=S)(OC)OC1=CC=C(C=C1)S(=O)(=O)N(C)C,"InChI=1S/C10H16NO5PS2/c1-11(2)19(12,13)10-7-5-9(6-8-10)16-17(18,14-3)15-4/h5-8H,1-4H3",calculation-result-20240301-124003,0.4901037497570993,C10H16NO5PS2,True,0.4033286990352562,0.5732196276196797,-0.6217567608386437,-0.8783100656536798,0.2482817665807105,0.358152779169461,-0.7198214121416471,-0.4120816918460671,0.5436197090427292,0.0,0.9069143733531304,0.4736578406489183,0.3193403883946948,1.7509152530077925,-0.6725670614085599,0.4978174941695245,0.5860946005604857,0.0486557361619948,0.9069143733531304,0.0947692639194374,0.0121423982663481,-0.7942424306419729,0.2738530423716118,-0.6725037440384051,1.7509152530077925,-0.6725670614085599,-0.3024404317908465,1.2678334859015374,-0.3287629921331195,0.5773360952260814,0.4984889635920478,0.2686560806057567,0.2600203378753593,1.140987388858588,0.0051683055612623,0.0715109954695036,-0.4421202314524049,1.0042462324223185,0.3855300218416152,-0.0228200939147457,0.2939529548324163,-0.0825306025416153,0.691223419610465,-0.518495139130856,0.2797514424720937,-0.3393987086858298,-0.6583361697149156,1.0427507451480604,-0.7679476477883044,0.4898979485566356,0.4644203640128238,0.7308688900148254
{ethoxy[3-methyl-4-(methylsulfanyl)phenoxy]phosphoryl}(propan-2-yl)amine,fenamiphos,blue,CCOP(=O)(NC(C)C)OC1=CC=C(SC)C(C)=C1,"InChI=1/C13H22NO3PS/c1-6-16-18(15,14-10(2)3)17-12-7-8-13(19-5)11(4)9-12/h7-10H,6H2,1-5H3,(H,14,15)",calculation-result-20240301-124024,0.0767031242630142,C13H22NO3PS,True,1.301761489700617,0.5732196276196797,1.130466837888443,0.2217954711246666,0.2482817665807105,0.358152779169461,-0.2286225239820954,2.4267032964268394,-0.4777264109769438,0.0,-0.1892139493290923,0.5065685954138363,0.5782795923721683,-0.7911079560264114,0.3826817806438227,0.8238479576694119,1.0412777859671394,0.7016684549329077,-0.1892139493290923,0.7397489828982978,1.1831249310774266,1.5130759005448138,0.7525443788071423,0.3828136227141929,-0.7911079560264114,0.3826817806438227,-0.0014864907238272,-0.4157317217271427,0.6228677075878309,0.7546697333867922,0.973449790493536,0.6318561438640772,-0.1303450207719648,-0.577367668606613,-0.1185104077816639,-0.8362799145874005,-0.5889051961487132,0.276394413312215,-1.2899497567205245,-1.2865543750083372,-0.0676929467605678,0.2606322248970296,-0.3291540093383165,-0.518495139130856,0.2797514424720937,-0.8415633796119046,0.1753478478194004,1.0427507451480604,1.302172098423647,-2.0412414523193148,0.4644203640128238,-1.576146996913543
"ethyl (butan-2-ylsulfanyl)(2-oxo-1,3-thiazolidin-3-yl)phosphinate",fosthiazate,blue,CCOP(=O)(SC(C)CC)N1CCSC1=O,"InChI=1/C9H18NO3PS2/c1-4-8(3)16-14(12,13-5-2)10-6-7-15-9(10)11/h8H,4-7H2,1-3H3",calculation-result-20240301-124044,-0.3000051380215379,C9H18NO3PS2,True,0.2535899005910295,-0.2797311782784039,2.8826904366155297,-0.3282572972645065,0.2482817665807105,-0.9480514742721028,0.9993746964167832,-0.4120816918460671,0.5436197090427292,0.0,-0.2486840753455466,-0.1689679497608025,-0.1776558256910985,-0.6382276571393416,-0.1954282791672386,-0.0235975338363889,0.0780057429024796,-0.1349293413679232,-0.2486840753455466,-0.2695379619653252,-0.35592404918237,0.0355825832059064,-0.2048382940639177,-0.1954958066431339,-0.6382276571393416,-0.1954282791672386,-0.3118061752879333,0.2518751605521422,0.9629400848855728,-0.2379013897642732,0.7663368536313788,0.4323264995928217,-0.1640385373309769,0.4721078787473638,0.3978742729139014,-0.3340668278756577,-0.2164859948751705,0.9287166449994336,-0.3180281784742195,-0.394537394932238,-0.6620709261013117,0.2630583573569196,0.691223419610465,-0.518495139130856,0.2797514424720937,-0.8415633796119046,-0.7654288305260922,-0.7284970959253574,1.302172098423647,0.4898979485566356,0.4644203640128238,0.8987726288300941
ethyl [(2E)-2-(cyanoimino)-3-ethylimidazolidin-1-yl](propylsulfanyl)phosphinate,imicyafos,blue,CCCSP(=O)(OCC)N1CCN(CC)\C1=N/C#N,"InChI=1/C11H21N4O2PS/c1-4-9-19-18(16,17-6-3)15-8-7-14(5-2)11(15)13-10-12/h4-9H2,1-3H3/b13-11+",calculation-result-20240301-124238,0.0953315548155471,C11H21N4O2PS,True,1.1520226912563902,0.5732196276196797,1.130466837888443,0.2217954711246666,0.2482817665807105,-0.9480514742721028,0.7537752523370073,-0.4120816918460671,2.586311949082075,0.0,1.148550885377882,0.2138360925048263,0.4502021366413752,1.3857970674039115,-0.6362701969227057,0.6651564274067421,0.8503452417529392,0.4819643588922178,1.148550885377882,1.3960690046284336,0.4485098359632826,0.8654075970537858,0.4008527846912422,-0.6364707703502731,1.3857970674039115,-0.6362701969227057,-0.1808657712298665,0.1435763308256282,-0.4640376873473411,0.4255737933121858,1.5469580285883684,1.1191968051246124,0.4522267494096403,0.0096622240821286,-0.3409187879248652,-0.1647626704505785,-0.4176884217764264,0.7197059435758695,-0.4781874503727271,-0.7760477646146506,-0.8416346803418123,1.658538565119876,0.691223419610465,-0.518495139130856,0.2797514424720937,-0.8415633796119046,2.829045413448994,-0.7284970959253574,1.302172098423647,0.4898979485566356,0.4644203640128238,0.4506517302438613
methyl (2E)-3-[(dimethoxyphosphoryl)oxy]but-2-enoate,menite,blue,COC(=O)\C=C(/C)OP(=O)(OC)OC,"InChI=1S/C7H13O6P/c1-6(5-7(8)10-2)13-14(9,11-3)12-4/h5H,1-4H3/b6-5+",calculation-result-20240301-124148,-1.4137783025013018,C7H13O6P,True,-0.794581688518558,-0.8483650488771264,-0.6217567608386437,-0.3282572972645065,-1.03450736075296,-0.9480514742721028,-0.1233656193764776,-0.4120816918460671,0.5436197090427292,0.0,1.2818891679200366,-1.6118447244543268,-1.638713323402699,0.7456323847052355,-1.477037567013222,-1.2615784407603348,-1.1198008944732958,-1.0069285597852715,1.2818891679200366,-0.5913190525327997,-1.3227625111404475,-0.9966387754829182,-1.0254520136676846,-1.4768441896628606,0.7456323847052355,-1.477037567013222,0.1951048203457131,-0.591392949694162,-2.8683596370679876,2.9703876181979565,-0.4354701171998018,2.1937211883128036,-0.4518424296841252,1.5852061886759203,-2.676695991471167,-0.8575018687288043,0.5522543319603427,0.9888075373403644,-1.3160598989587513,-0.5873592836958409,0.1378090158881053,1.5756066792930088,1.7116008485592464,-0.518495139130856,0.2797514424720937,0.1627659622402537,-0.7654288305260922,-0.7284970959253574,1.302172098423647,-2.0412414523193148,-2.15322168769582,0.8072252764913532
"O,O-dimethyl {[(5-methoxy-2-oxo-2,3-dihydro-1,3,4-thiadiazol-3-yl)methyl]sulfanyl}phosphonothioate",methidathion,blue,COC1=NN(CSP(=S)(OC)OC)C(=O)S1,"InChI=1S/C6H11N2O4PS3/c1-10-5-7-8(6(9)16-5)4-15-13(14,11-2)12-3/h4H2,1-3H3",calculation-result-20240301-124140,0.0571338638845955,C6H11N2O4PS3,True,-0.794581688518558,-0.2797311782784039,-0.6217567608386437,-0.3282572972645065,0.2482817665807105,0.358152779169461,0.2274907293089166,-0.4120816918460671,1.564965829062402,0.0,0.612067748576816,-0.1585750798350391,-0.2242927253322026,1.302282321736483,-0.2911200128117636,-0.4134318084728138,-0.6544809267192704,-0.3139696417342335,0.612067748576816,-1.3752174802147987,0.0258025963159918,-0.935919872030634,0.3031606752146037,-0.2912537641916314,1.302282321736483,-0.2911200128117636,-0.3089672336461098,0.0064325989013548,0.1456388197074652,-1.1648137136652248,-0.2738249025739669,-0.8324587866367137,0.8713938569970204,-0.1578894122824193,0.5255211319026453,0.0451920397406321,-0.4764505331129388,0.3580305577664573,1.9122864105764104,1.5166551421372214,0.5575288271705998,-0.1674225242523675,0.691223419610465,-0.518495139130856,0.2797514424720937,-0.3393987086858298,0.621381544853718,-0.7284970959253574,-0.7679476477883044,0.4898979485566356,0.4644203640128238,1.543730735859999
(2E)-3-[(dimethoxyphosphoryl)oxy]-N-methylbut-2-enamide,monocrotophos,blue,CNC(=O)\C=C(/C)OP(=O)(OC)OC,"InChI=1S/C7H14NO5P/c1-6(5-7(9)8-2)13-14(10,11-3)12-4/h5H,1-4H3,(H,8,9)/b6-5+",calculation-result-20240301-124155,-1.4322938334747284,C7H14NO5P,True,-0.6448428900743313,-0.8483650488771264,-0.6217567608386437,-0.8783100656536798,-1.03450736075296,-0.9480514742721028,-0.1233656193764776,2.4267032964268394,0.5436197090427292,0.0,1.457169539336954,-1.5408267799616084,-1.502979063253217,2.1936814459470915,-2.1119027240203465,-1.201747760720212,-1.085780186595129,-1.1569062061843056,1.457169539336954,-0.4580704952052993,-1.309861212982451,-0.7132838927055943,-1.2306054435686262,-2.1120408412164693,2.1936814459470915,-2.1119027240203465,0.356196381385351,-0.8658175288026059,-2.211636272775766,2.802838817100579,-0.292641175431107,2.0562534295358743,-0.4518424296841252,1.4353600778271345,-2.5601671042026086,-0.8697074288044222,0.5026087341914033,0.974008127114035,-0.6380100440801251,-0.2195791545071753,0.5544182696086407,2.070202968432649,1.7116008485592464,-0.518495139130856,0.2797514424720937,0.1627659622402537,0.5047339431862589,-0.7284970959253574,1.302172098423647,-2.0412414523193148,-2.15322168769582,1.1306704203134126
dimethyl {[(methylcarbamoyl)methyl]sulfanyl}phosphonate,omethoate,blue,CNC(=O)CSP(=O)(OC)OC,"InChI=1S/C5H12NO4PS/c1-6-5(7)4-12-11(8,9-2)10-3/h4H2,1-3H3,(H,6,7)",calculation-result-20240129-224745,-1.619989383738884,C5H12NO4PS,True,-1.2437980838512384,-1.4169989194758488,-0.6217567608386437,-0.8783100656536798,-1.03450736075296,-0.9480514742721028,0.6836039825999288,2.4267032964268394,0.5436197090427292,0.0,0.879370314987615,-1.7175055686995908,-1.8015944355820763,2.3589854260078287,-2.166018049253802,-1.5920494625444506,-1.4247375250873937,-1.0856249643550993,0.879370314987615,-1.5949358460207836,-1.0821912454883984,-0.976399140998824,-0.8007601618714149,-2.1660903017486675,2.3589854260078287,-2.166018049253802,1.8013086035782058,-0.8289094775420256,-0.4537064685377389,0.6777359586584838,-1.016229178678571,1.129083064542325,1.2419000172677357,1.7361673824424653,-1.697850653408669,-0.2669248042710376,0.8582002264349025,0.9445127532489702,0.4594118877138628,0.8479938580719805,0.1978687350035353,1.6398291316777431,0.691223419610465,-0.518495139130856,0.2797514424720937,-0.3393987086858298,0.5047339431862589,-0.7284970959253574,1.302172098423647,0.4898979485566356,0.4644203640128238,1.991261255529978
dimethyl {[2-(ethanesulfinyl)ethyl]sulfanyl}phosphonate,oxydemeton methyl,blue,CCS(=O)CCSP(=O)(OC)OC,"InChI=1/C6H15O4PS2/c1-4-13(8)6-5-12-11(7,9-2)10-3/h4-6H2,1-3H3",calculation-result-20240301-124203,-0.9973482049678648,C6H15O4PS2,True,-0.6448428900743313,-1.1326819841764877,1.130466837888443,0.2217954711246666,-1.03450736075296,-0.9480514742721028,1.3853166799707166,-0.4120816918460671,0.5436197090427292,0.0,0.1262907192213591,-0.993468963871388,-1.0414825787449793,0.0719927832886234,-2.1594186193472833,-0.8717441661239099,-0.5774136088728112,-0.0945047444916286,0.1262907192213591,-1.4928731212592938,-0.7459985934888471,-1.4823900031011894,0.1663917219473096,-2.15949085601824,0.0719927832886234,-2.1594186193472833,0.2419690739574004,0.5192097782667119,0.5309931788851238,0.4467928974661832,-0.3965272849261477,1.1200164841549982,-1.086995847291074,1.6276711360936813,-0.6247660430739784,-0.4247501421004105,1.079788652929831,0.9263952971701944,-0.5440973595325089,-0.1590413158046271,-0.8630808574805083,0.5262482025890142,0.691223419610465,-0.518495139130856,0.2797514424720937,-0.3393987086858298,-0.7654288305260922,-0.7284970959253574,1.302172098423647,0.4898979485566356,0.4644203640128238,1.3862934784694088
(Z)-benzenecarbonimidoyl cyanide,phoxim,blue,CCOP(=S)(OCC)O\N=C(/C#N)C1=CC=CC=C1,"InChI=1S/C12H15N2O3PS/c1-3-15-18(19,16-4-2)17-14-12(10-13)11-8-6-5-7-9-11/h5-9H,3-4H2,1-2H3/b14-12+",calculation-result-20240301-124211,-0.0185088541165977,C12H15N2O3PS,True,0.2535899005910295,0.5732196276196797,-0.6217567608386437,0.2217954711246666,0.2482817665807105,0.358152779169461,-0.9654208562214228,-0.4120816918460671,1.564965829062402,0.0,0.8299162101949852,0.2883183269727993,0.3583204836171101,-0.7452093561348079,0.6123419413906827,0.2596633419785673,0.1096658302339975,0.5705875135825555,0.8299162101949852,0.9906531812702932,0.3361926519995507,1.0273246729265428,-0.2536843488022379,0.6125403285903605,-0.7452093561348079,0.6123419413906827,-0.3139699305309366,1.141027851670604,0.0957462175158323,-0.090903721802484,-0.1840924871131371,-0.4141598957644321,-1.0370069209053443,-0.3249179602246785,0.3207477835099985,0.5239954862325684,-0.6763501783960228,-0.0414468235415174,0.0189816816937456,-0.1892557113520157,0.4279079952334681,-0.4453243466488571,-0.3291540093383165,-0.518495139130856,0.2797514424720937,-0.3393987086858298,2.793080253240303,-0.7284970959253574,-0.7679476477883044,0.4898979485566356,0.4644203640128238,-0.1267098785253975
"O-4-[(4-{[dimethoxy(sulfanylidene)-λ⁵-phosphanyl]oxy}phenyl)sulfanyl]phenyl O,O-dimethyl phosphorothioate",abate,red,COP(=S)(OC)OC1=CC=C(SC2=CC=C(OP(=S)(OC)OC)C=C2)C=C1,"InChI=1S/C16H20O6P2S3/c1-17-23(25,18-2)21-13-5-9-15(10-6-13)27-16-11-7-14(8-12-16)22-24(26,19-3)20-4/h5-12H,1-4H3",calculation-result-20240129-223312,3.145690016301492,C16H20O6P2S3,False,2.2001942803659778,2.8477551100145697,-0.6217567608386437,1.8719537762921865,1.531070893914381,1.6643570326110249,-1.246105935169738,-0.4120816918460671,-1.4990725309966169,0.0,0.3003190879852987,3.252018400803075,3.1412208532459696,0.0923538163232441,1.8510549348442924,2.959756492383012,2.6374738555978534,2.1045694056989888,0.3003190879852987,1.9489087637531717,2.1271963962860987,0.7237301556651229,2.2765412866427077,1.8509263199050068,0.0923538163232441,1.8510549348442924,-0.3144240032552894,-0.9266872305503808,0.376632199077102,-0.2166077078328614,1.5308160996430042,-0.8630160011638663,0.2870942260938964,-0.6255835568713847,1.1498128081140806,0.4751177230153804,-1.1958078255260889,-0.8154936358560348,-0.0966382489321053,-0.821253003932206,-0.5190316106015251,-1.949908954566102,-1.349531438287098,-0.518495139130856,-5.501778368617843,0.66493063316633,-0.7654288305260922,2.8139985862214782,-0.7679476477883044,0.4898979485566356,0.4644203640128238,-1.2392018818707204
"O-2-(diethylamino)-6-methylpyrimidin-4-yl O,O-dimethyl phosphorothioate",aktel,red,CCN(CC)C1=NC(C)=CC(OP(=S)(OC)OC)=N1,"InChI=1S/C11H20N3O3PS/c1-6-14(7-2)11-12-9(3)8-10(13-11)17-18(19,15-4)16-5/h8H,6-7H2,1-5H3",calculation-result-20240129-224751,0.1137718194029021,C11H20N3O3PS,True,1.0022838928121631,0.5732196276196797,-0.6217567608386437,0.2217954711246666,0.2482817665807105,0.358152779169461,0.1222338247032983,-0.4120816918460671,1.564965829062402,0.0,0.3835772644083344,0.3853184462799268,0.562269910405819,-0.4580842801211696,0.1517017339156588,0.6298656747268261,0.8447908404667075,0.6557422857006673,0.3835772644083344,0.4916798602141209,0.716401497714618,1.2904399212197726,-0.331838036383549,0.1506451219177674,-0.4580842801211696,0.1517017339156588,1.2323852754265496,-0.0699940093202637,-1.338197845301123,0.502603202879742,1.0559265218942795,1.0209074603343469,0.101881062588601,-1.3938097419967923,-1.0857689055209572,-0.754540049832928,-0.7705341612795054,-1.3192123340655588,-0.2750722503663328,-0.6143796754270504,-0.4303311544981985,1.3055702520413262,0.691223419610465,-0.518495139130856,0.2797514424720937,-0.3393987086858298,1.8224198138742416,-0.7284970959253574,-0.7679476477883044,0.4898979485566356,0.4644203640128238,-0.3768682633805337
"O,O-diethyl O-4-nitrophenyl phosphorothioate",bladen,red,CCOP(=S)(OCC)OC1=CC=C(C=C1)N(=O)=O,"InChI=1S/C10H14NO5PS/c1-3-14-17(18,15-4-2)16-10-7-5-9(6-8-10)11(12)13/h5-8H,3-4H2,1-2H3",calculation-result-20240129-223356,-0.1509776936012755,C10H14NO5PS,True,-0.0458876962974241,0.2889026923203185,-0.6217567608386437,0.2217954711246666,0.2482817665807105,0.358152779169461,-0.7198214121416471,-0.4120816918460671,0.5436197090427292,0.0,1.4352594929098397,-0.117003600131984,-0.0377451267677873,-0.0971073215751778,0.3833417236344745,-0.1339103501603652,0.0202399695256739,0.0828611642880903,1.4352594929098397,0.1075271045146241,0.14646767908784,0.3796563694355147,0.0784688234183348,0.3835395617445399,-0.0971073215751778,0.3833417236344745,-0.3137132807302153,2.167849883009536,-0.1284776439548748,-0.0183448350264858,-0.2112941192415685,-0.148895296801089,-0.154210151868309,0.923204162536692,-0.6433580863821085,-0.0596978285768215,-0.684598454201618,1.0460287004625883,0.2143081471045994,0.0498447995536576,0.464268281457386,0.0505224716995191,0.691223419610465,-0.518495139130856,0.2797514424720937,3.3422928109208416,-0.3655627721351678,1.0427507451480604,-0.7679476477883044,0.4898979485566356,0.4644203640128238,-0.4340695244059757
ethyl bis(butan-2-ylsulfanyl)phosphinate,cadusafos,red,CCOP(=O)(SC(C)CC)SC(C)CC,"InChI=1/C10H23O2PS2/c1-6-9(4)14-13(11,12-8-3)15-10(5)7-2/h9-10H,6-8H2,1-5H3",calculation-result-20240129-222931,-0.5436800629258803,C10H23O2PS2,True,0.8525450943679366,-0.5640481135777651,2.8826904366155297,0.7718482395138399,-1.03450736075296,-0.9480514742721028,1.3853166799707166,-0.4120816918460671,-0.4777264109769438,0.0,-1.5200927694446873,0.0544787536431163,-0.0043336165771454,-1.3149731788493706,0.8360626152216759,0.3054712063842857,0.6119225665414613,0.7474750247661045,-1.5200927694446873,1.336532415184232,-0.3422638511327274,1.0273246729265428,-0.937529115138709,0.8358655721080139,-1.3149731788493706,0.8360626152216759,-0.3137409199395238,-0.2131841344688718,1.370279261699022,-0.663851276343002,0.6252047277907721,1.2412624814016264,-0.4518424296841252,-0.9500483791502994,0.6307840093502485,-1.0372152946285371,1.512101491696452,0.1748268438794427,-2.134723583965626,-1.6673554901087069,-2.274579327257651,0.3059910906021446,-0.3291540093383165,-0.518495139130856,0.2797514424720937,-0.8415633796119046,-0.7654288305260922,-0.7284970959253574,1.302172098423647,0.4898979485566356,0.4644203640128238,-0.7267826671917813
"O-4-cyanophenyl O,O-dimethyl phosphorothioate",cyanox,red,COP(=S)(OC)OC1=CC=C(C=C1)C#N,"InChI=1S/C9H10NO3PS/c1-11-14(15,12-2)13-9-5-3-8(7-10)4-6-9/h3-6H,1-2H3",calculation-result-20240129-224716,-1.054926990312057,C9H10NO3PS,True,-1.0940592854070117,-0.5640481135777651,-0.6217567608386437,-1.428362834042853,0.2482817665807105,0.358152779169461,-1.3513628397753563,-0.4120816918460671,-0.4777264109769438,0.0,0.0561785706545918,-0.7700222604674685,-0.8103862999263747,-0.2844978459446559,-0.1426328399150871,-1.0542744829650657,-1.216725196918032,-1.445977953669524,0.0561785706545918,-0.686294088074742,-0.987328759032543,-1.2395143892920537,-0.5174530443891623,-0.1427662352570215,-0.2844978459446559,-0.1426328399150871,-0.3107795760850486,-0.9035179180069552,-0.1395632105615912,-0.0054061785304021,-0.9721065338265747,-0.7897857526499846,0.7243676029213343,0.1516210890909733,0.8820099424806183,0.9901215082924064,-0.7188441433434207,-0.0998429656457803,0.507830058040438,0.7815702951883883,1.0258776800803142,-1.2997333591112128,-1.349531438287098,-0.518495139130856,0.2797514424720937,-0.3393987086858298,1.4249539118962262,0.1571268246113515,-0.7679476477883044,0.4898979485566356,0.4644203640128238,0.3085235934502059
dimethyl {[2-(ethylsulfanyl)ethyl]sulfanyl}phosphonate,demeton-S-methyl,red,CCSCCSP(=O)(OC)OC,"InChI=1S/C6H15O3PS2/c1-4-11-5-6-12-10(7,8-2)9-3/h4-6H2,1-3H3",calculation-result-20240129-230024,-1.2984137492512229,C6H15O3PS2,True,-0.794581688518558,-1.4169989194758488,-0.6217567608386437,0.2217954711246666,-1.03450736075296,-0.9480514742721028,1.3853166799707166,-0.4120816918460671,-0.4777264109769438,0.0,-0.9422935450953486,-1.0991298081166518,-1.1556385718963382,0.3183957932330196,-0.86395052869761,-1.075074992822765,-0.8559668333773099,-0.4000812090446834,-0.9422935450953486,-1.2136181660091063,-0.997194457623952,-1.3407125617125264,0.1370840891043177,-0.8636236923915741,0.3183957932330196,-0.86395052869761,-0.2604564728513336,-0.5485133179775207,0.3870638048568485,0.0621636625087587,-0.6787671195860396,0.9543355121639288,-0.8752780414220885,-0.1684438080902651,-0.0503587247422318,-0.6510565018745968,0.8792434433551771,0.2049906206433344,-0.7979730334277272,-0.2497058430806638,-1.3484106644713458,0.2557733603276054,-0.3291540093383165,-0.518495139130856,0.2797514424720937,-0.3393987086858298,-0.7654288305260922,-0.7284970959253574,1.302172098423647,0.4898979485566356,0.4644203640128238,0.6571158034674417
"2-chloro-1-(2,4-dichlorophenyl)ethenyl dimethyl phosphate",dimethylvinphos,red,COP(=O)(OC)OC(=CCl)C1=CC=C(Cl)C=C1Cl,"InChI=1S/C10H10Cl3O4P/c1-15-18(14,16-2)17-10(6-11)8-4-3-7(12)5-9(8)13/h3-6H,1-2H3",calculation-result-20240129-224733,0.6063903162365464,C10H10Cl3O4P,True,-0.6448428900743313,0.2889026923203185,-0.6217567608386437,-0.8783100656536798,0.2482817665807105,0.358152779169461,-1.421534109512435,-0.4120816918460671,-0.4777264109769438,0.0,-0.36449432074601,-0.0685035404784206,-0.0934309770855231,-0.8680657588521817,0.5608663881198348,-0.0619265632370929,-0.4521618598682961,-0.8195163014860003,-0.36449432074601,0.3853645219209023,-0.1753058749704218,0.6630112522128404,-0.6249143648134653,0.5607346796065077,-0.8680657588521817,0.5608663881198348,-0.3142147349562398,-0.5072571424862936,-0.4401172728052128,0.8498311145785143,-0.1122660856069195,-1.1857164887663894,0.7567133788179837,0.5759823239579849,0.2128659720321269,1.1145726584283917,-0.5749290840324645,0.4542497110455288,0.4804300606884827,0.5013878478429024,1.199329338921102,-0.9177333596310028,0.691223419610465,2.3179782690555917,0.2797514424720937,0.1627659622402537,-0.7654288305260922,1.0427507451480604,1.302172098423647,-2.0412414523193148,-2.15322168769582,-1.7212133772488707
"O,O-diethyl {[diethoxy(sulfanylidene)-λ⁵-phosphanyl]oxy}phosphonothioate",dithione,red,CCOP(=S)(OCC)OP(=S)(OCC)OCC,"InChI=1S/C8H20O5P2S2/c1-5-9-14(16,10-6-2)13-15(17,11-7-3)12-8-4/h5-8H2,1-4H3",calculation-result-20240129-224724,0.4332776282736159,C8H20O5P2S2,True,0.7028062959237098,0.0045857570209573,-0.6217567608386437,1.8719537762921865,-1.03450736075296,-0.9480514742721028,1.3853166799707166,-0.4120816918460671,-1.4990725309966169,0.0,-0.2774801363640402,0.5741222499313002,0.3618008492619695,-0.3138315376047027,0.3582638899897026,0.5877972278236159,0.9294954600817348,0.7829960462816655,-0.2774801363640402,1.6498082786882498,-0.1206650827718492,0.8654075970537858,-0.2341459269069096,0.3582636845970041,-0.3138315376047027,0.3582638899897026,-0.3120667735471271,-1.4101678309997825,-0.9739671396728444,0.5086786229990666,0.9504887348107168,1.210622978215057,-0.6400360349010014,-1.2561873198106372,-0.2388918004807383,-1.3106613947651486,2.1815135069125384,-1.386204079121506,-0.5474165546985476,-0.6842049111177743,-2.097625724154332,0.4799088106330579,-1.349531438287098,-0.518495139130856,-2.611013463072882,0.8712174794702334,-0.7654288305260922,-0.7284970959253574,-0.7679476477883044,0.4898979485566356,0.4644203640128238,0.2952306942628611
ethyl 2-{[dimethoxy(sulfanylidene)-λ⁵-phosphanyl]sulfanyl}-2-phenylacetate,elsan,red,CCOC(=O)C(SP(=S)(OC)OC)C1=CC=CC=C1,"InChI=1/C12H17O4PS2/c1-4-16-12(13)11(10-8-6-5-7-9-10)19-17(18,14-2)15-3/h5-9,11H,4H2,1-3H3",calculation-result-20240129-225031,0.3965852650640818,C12H17O4PS2,True,0.553067497479483,0.5732196276196797,1.130466837888443,0.7718482395138399,0.2482817665807105,0.358152779169461,-0.6496501424045684,-0.4120816918460671,-0.4777264109769438,0.0,-0.36449432074601,0.7421403137311462,0.6444065396244791,-0.2610308926166177,0.4156789301764174,0.643654776767324,0.5023620011705494,0.2982596819632576,-0.36449432074601,1.8213303578013085,0.3316392526496694,2.8488917764950568,-0.2536843488022379,0.4158108513663285,-0.2610308926166177,0.4156789301764174,-0.3128367229492907,0.6095617338263694,0.8746827240039203,-1.022771629571681,0.9737300221838132,-0.5107215146291745,0.5226023434820931,-0.0585233593992696,0.6249098335247686,0.2092460036365905,-0.5054912390378932,0.3600668422707539,-0.7560285384736802,-0.761439059915977,0.2497460315739249,-1.1947163803618468,-0.3291540093383165,-0.518495139130856,0.2797514424720937,-0.3393987086858298,-0.7654288305260922,-0.7284970959253574,-0.7679476477883044,0.4898979485566356,0.4644203640128238,0.0377442382867006
"7-chlorobicyclo[3.2.0]hepta-2,6-dien-6-yl dimethyl phosphate",heptenophos,red,COP(=O)(OC)OC1=C(Cl)C2C=CCC12,"InChI=1/C9H12ClO4P/c1-12-15(11,13-2)14-9-7-5-3-4-6(7)8(9)10/h3-4,6-7H,5H2,1-2H3",calculation-result-20240129-224834,-0.9158723420461808,C9H12ClO4P,True,-0.794581688518558,-0.5640481135777651,2.8826904366155297,-1.428362834042853,1.531070893914381,-0.9480514742721028,-0.1584512542450166,-0.4120816918460671,-0.4777264109769438,0.0,-0.36449432074601,-1.0956655181413977,-0.9816202896534132,-0.6226980556722579,-1.0645731978557866,-1.1370090952080485,-1.411823542096906,-1.826304042624012,-0.36449432074601,-0.338997316316894,-1.4479809932621763,-0.6930442582215002,-1.8753733661144416,-1.064246842596558,-0.6226980556722579,-1.0645731978557866,-0.2344361315166782,-0.4733975808188457,0.148057097661885,1.3089398778476995,-0.4908762268501083,-0.2258431806781366,1.3797371304636945,0.7371648205265322,-0.716921602048668,0.2170951517599351,-1.1505248796068888,0.3306542117733455,-0.51308539800303,-0.064035646266674,0.8609084367705078,-0.104438521363307,1.7116008485592464,0.4269959969312932,0.2797514424720937,0.1627659622402537,-0.7654288305260922,-0.7284970959253574,1.302172098423647,-2.0412414523193148,-2.15322168769582,-0.2361951213418009
"O,O-diethyl O-5-phenyl-1,2-oxazol-3-yl phosphorothioate",isoxathion,red,CCOP(=S)(OCC)OC1=NOC(=C1)C1=CC=CC=C1,"InChI=1S/C13H16NO4PS/c1-3-15-19(20,16-4-2)18-13-10-12(17-14-13)11-8-6-5-7-9-11/h5-10H,3-4H2,1-2H3",calculation-result-20240129-223437,0.2639282596142271,C13H16NO4PS,True,0.553067497479483,0.857536562919041,-0.6217567608386437,0.2217954711246666,1.531070893914381,1.6643570326110249,-1.0355921259585017,-0.4120816918460671,-0.4777264109769438,0.0,0.1964028677881259,0.7508010386692833,0.6193479069814979,-0.9864358322568426,0.7700683161564859,0.4625267414896086,0.4479288685654827,0.6161548846176694,0.1964028677881259,-0.1802330777990211,1.0624598483055785,-0.1060948581827563,1.2312357152426718,0.7704650649194811,-0.9864358322568426,0.7700683161564859,-0.3143016010426377,1.2320412998781658,0.2800853507165191,-0.1517184743252835,0.0658317820899219,-0.5269002410621806,-1.1219554232601812,-0.6407479765255868,0.1830144246996028,0.315122410502309,-1.2390277854302678,-1.0813046565543372,-0.3671803225488318,-0.5283592199726954,0.2497460315739249,-0.7618782818560715,-1.349531438287098,-0.518495139130856,0.2797514424720937,-0.3393987086858298,0.6165717372915016,-0.7284970959253574,-0.7679476477883044,0.4898979485566356,0.4644203640128238,-0.8913584454637818
propan-2-yl 2-({ethoxy[(propan-2-yl)amino]sulfanylidene-λ⁵-phosphanyl}oxy)benzoate,LE-mat,red,CCOP(=S)(NC(C)C)OC1=CC=CC=C1C(=O)OC(C)C,"InChI=1/C15H24NO4PS/c1-6-18-21(22,16-11(2)3)20-14-10-8-7-9-13(14)15(17)19-12(4)5/h7-12H,6H2,1-5H3,(H,16,22)",calculation-result-20240129-225024,0.8675646759023591,C15H24NO4PS,True,2.050455481921751,1.4261704335177634,1.130466837888443,1.3219010079030131,0.2482817665807105,0.358152779169461,-0.2637081588506349,2.4267032964268394,-0.4777264109769438,0.0,0.3885852750202462,1.348391059400694,1.3711068862709357,-0.7628095711308361,0.7291518507360684,1.6801745657436682,1.7809851772609908,1.213314684035831,0.3885852750202462,2.246591710974182,1.0487996502559358,1.836910052290326,-0.0289924970059681,0.7284265956166605,-0.7628095711308361,0.7291518507360684,0.1447215939348337,0.5684137887867342,0.3498086887142837,0.0152174110617232,1.4132032499795255,0.4702446936129269,-0.4014334282867512,-0.5597316481342484,-0.4520194450205464,-0.7869319972575926,-0.6410031022272678,0.3720914398819308,-1.242687824480917,-1.429871395684696,-0.2811646929391681,0.2060046135402319,-0.3291540093383165,-0.518495139130856,0.2797514424720937,-0.8415633796119046,0.1753478478194004,0.1571268246113515,-0.7679476477883044,0.4898979485566356,0.4644203640128238,-1.0392296758550408
"O,O-diethyl {[(6-chloro-2-oxo-2,3-dihydro-1,3-benzoxazol-3-yl)methyl]sulfanyl}phosphonothioate",phosalone,red,CCOP(=S)(OCC)SCN1C(=O)OC2=CC(Cl)=CC=C12,"InChI=1S/C12H15ClNO4PS2/c1-3-16-19(20,17-4-2)21-8-14-10-6-5-9(13)7-11(10)18-12(14)15/h5-7H,3-4,8H2,1-2H3",calculation-result-20240129-225607,1.2892446038642376,C12H15ClNO4PS2,True,0.553067497479483,1.141853498218402,-0.6217567608386437,0.2217954711246666,1.531070893914381,1.6643570326110249,-0.6496501424045684,-0.4120816918460671,0.5436197090427292,0.0,-0.1616698909635768,1.1422658058730482,1.114255901680377,-0.1399000011733645,0.6671172096147903,0.9664132499525172,0.7746665242280382,0.6974824759664272,-0.1616698909635768,0.2436107375299441,1.4859259878445163,0.2582185625309478,1.1823896605043536,0.6675137115248182,-0.1399000011733645,0.6671172096147903,-0.3141239204113693,0.4661764601840947,0.6945293101412074,-1.207148797141267,0.5828982873770577,-1.1632854137071222,-0.3459835267496366,-0.1076110464658083,0.5972890074931312,0.3499155055668123,-1.0712393978148826,0.4138814340785923,1.00680301917474,0.2952213038880174,0.9324397237078964,-1.1227978489729622,-0.3291540093383165,0.4269959969312932,0.2797514424720937,-0.3393987086858298,-0.5450944718208887,1.9283746656847691,-0.7679476477883044,0.4898979485566356,0.4644203640128238,0.0216909857199909
O-2-tert-butylpyrimidin-5-yl O-ethyl O-propan-2-yl phosphorothioate,phostebupirim,red,CCOP(=S)(OC(C)C)OC1=CN=C(N=C1)C(C)(C)C,"InChI=1/C13H23N2O3PS/c1-7-16-19(20,17-10(2)3)18-11-8-14-12(15-9-11)13(4,5)6/h8-10H,7H2,1-6H3",calculation-result-20240129-224739,0.359140237993839,C13H23N2O3PS,True,1.6012390865890704,0.857536562919041,1.130466837888443,0.2217954711246666,0.2482817665807105,0.358152779169461,0.2976619990459951,-0.4120816918460671,0.5436197090427292,0.0,0.1807528346259012,0.8218189831620012,0.803111213030027,-1.0150793194072416,1.0762818638189662,1.1487098531997666,1.4350848371609377,0.8491345139520525,0.1807528346259012,0.6192582661659831,1.0290682530731174,0.2986978314991362,0.5571601598538645,1.0766133523539945,-1.0150793194072416,1.0762818638189662,-0.2989333605536386,0.1584612584588047,-0.3869841491827276,0.3409852113681854,0.7381002125393428,0.963050705770131,-0.3207790260509414,-1.3961112150102082,-0.3909372650141811,-1.050965262200846,-0.700628547437197,-1.2968196333158937,-0.9665972578200882,-1.173445005833821,-1.03809614473901,0.7892858823164819,-1.349531438287098,-0.518495139130856,0.2797514424720937,-0.3393987086858298,1.6020854551690344,0.1571268246113515,-0.7679476477883044,0.4898979485566356,0.4644203640128238,-0.1713924010594787
4-bromo-2-chlorophenyl ethyl (propylsulfanyl)phosphonate,profenofos,red,CCCSP(=O)(OCC)OC1=C(Cl)C=C(Br)C=C1,"InChI=1/C11H15BrClO3PS/c1-3-7-18-17(14,15-4-2)16-11-6-5-9(12)8-10(11)13/h5-6,8H,3-4,7H2,1-2H3",calculation-result-20240129-222921,1.3989453615624858,C11H15BrClO3PS,True,0.1038511021468026,0.2889026923203185,1.130466837888443,0.2217954711246666,0.2482817665807105,0.358152779169461,-0.5443932377989501,-0.4120816918460671,-0.4777264109769438,0.0,-0.9422935450953486,0.5377472051911272,0.528162327086205,-1.4222999800996607,1.4135127320420855,0.4905723727584158,0.3951620563462854,0.9643087352297808,-0.9422935450953486,0.2776316457837743,0.2094563700945278,-0.3894497409600803,0.59623700364452,1.4133170735203855,-1.4222999800996607,1.4135127320420855,-0.3143805702120904,-0.0112211573182129,0.91059980562626,-0.7026262561081199,0.1614252532835852,-1.078194692693508,1.0577975773816668,-0.135423268160073,1.4606153667957102,2.5120494152277217,-0.4010118744111531,0.319339188933081,0.4354492475527712,0.1242061195529776,0.7903245818853061,-1.191700675422296,-0.3291540093383165,0.4269959969312932,0.2797514424720937,-0.8415633796119046,-0.7654288305260922,1.9283746656847691,1.302172098423647,0.4898979485566356,0.4644203640128238,-1.5686513438619891
propan-2-yl (2E)-3-{[(ethylamino)(methoxy)sulfanylidene-λ⁵-phosphanyl]oxy}but-2-enoate,propetamphos,red,CCNP(=S)(OC)O\C(C)=C\C(=O)OC(C)C,"InChI=1/C10H20NO4PS/c1-6-11-16(17,13-5)15-9(4)7-10(12)14-8(2)3/h7-8H,6H2,1-5H3,(H,11,17)/b9-7+",calculation-result-20240129-224919,-0.3382028289524884,C10H20NO4PS,True,0.7028062959237098,0.0045857570209573,1.130466837888443,0.7718482395138399,-1.03450736075296,-0.9480514742721028,0.3327476339145345,2.4267032964268394,-0.4777264109769438,0.0,0.3885852750202462,-0.0234677708001111,0.0221171623237788,1.0724442200236428,-0.6250511660816235,0.2407325408721221,0.352670886506616,-0.1470088806711945,0.3885852750202462,0.7425840585861164,-0.119906182880202,0.3594167349514205,-0.8496062166097341,-0.6255816848950685,1.0724442200236428,-0.6250511660816235,1.365784421108567,0.2871752741215818,-0.7294647372107467,0.3826813933122828,0.4509962370326421,1.260746035826665,-0.9715134077261708,-0.5189171895757759,-0.9240905641569952,-1.3153217215752968,0.3808643585036538,0.3347570675064264,-0.8010879639968034,-0.8351045534805136,-0.1483634773489828,1.0737907692425674,0.691223419610465,-0.518495139130856,0.2797514424720937,-0.3393987086858298,0.1753478478194004,-0.7284970959253574,-0.7679476477883044,0.4898979485566356,0.4644203640128238,0.3253971837230539
"O-2,4-dichlorophenyl O-ethyl (propylsulfanyl)phosphonothioate",prothiofos,red,CCCSP(=S)(OCC)OC1=CC=C(Cl)C=C1Cl,"InChI=1/C11H15Cl2O2PS2/c1-3-7-18-16(17,14-4-2)15-11-6-5-9(12)8-10(11)13/h5-6,8H,3-4,7H2,1-2H3",calculation-result-20240129-225947,0.8645540204595261,C11H15Cl2O2PS2,False,0.1038511021468026,0.2889026923203185,1.130466837888443,0.2217954711246666,0.2482817665807105,0.358152779169461,-0.5443932377989501,-0.4120816918460671,-1.4990725309966169,0.0,-2.0108778094120563,0.939604842320656,0.8887282078935465,-1.195912900935062,1.8919714002647103,0.6293982475390131,0.4332097051569697,0.7579997718818275,-2.0108778094120563,0.1273726343293583,0.8628691768024592,-0.1060948581827563,1.0163130743940676,1.8919088778909583,-1.195912900935062,1.8919714002647103,-0.3144161063383441,0.3424969543313565,1.2526731748590816,-1.4297084679944816,0.1058612188551819,-1.364806207019967,1.0577975773816668,-0.7917391058771449,1.802087760775971,0.5303108042004713,-0.4162978736600944,-1.240511041126325,0.215440973319459,-0.0109509749537453,0.5295825153945826,-1.7330800260976214,-1.349531438287098,1.3724871329934425,0.2797514424720937,-0.8415633796119046,-0.7654288305260922,1.9283746656847691,-0.7679476477883044,0.4898979485566356,0.4644203640128238,-1.5538211652893517
"O,O-diethyl O-6-oxo-1-phenyl-1,6-dihydropyridazin-3-yl phosphorothioate",pyridaphenthion,red,CCOP(=S)(OCC)OC1=NN(C(=O)C=C1)C1=CC=CC=C1,"InChI=1S/C14H17N2O4PS/c1-3-18-21(22,19-4-2)20-13-10-11-14(17)16(15-13)12-8-6-5-7-9-12/h5-11H,3-4H2,1-2H3",calculation-result-20240129-224758,0.7723526975227472,C14H17N2O4PS,True,1.0022838928121631,1.4261704335177634,-0.6217567608386437,0.2217954711246666,1.531070893914381,1.6643570326110249,-1.1057633956955806,-0.4120816918460671,0.5436197090427292,0.0,0.612067748576816,0.996765626912356,1.1093833897775756,-0.4756844951171979,0.3028286787749432,0.9923554588761632,0.6678831595002418,0.6392375686328311,0.612067748576816,1.0360143922754,1.4176249975963011,1.0678039418947312,0.5278525270108734,0.3027623460041123,-0.4756844951171979,0.3028286787749432,-0.3141989411223493,0.6557418297701827,0.0265567497627701,-0.101662692104487,0.7363387441035852,-0.4607511711475804,-0.4011183720280141,-0.0412339736280795,-0.1855655695913517,0.4152510389890849,-1.1458910454689468,0.4106411877942876,-0.0938251568463106,-0.5081118357950077,0.529341783110957,-0.41924966112768,1.7116008485592464,-0.518495139130856,0.2797514424720937,-0.3393987086858298,0.621381544853718,0.1571268246113515,-0.7679476477883044,0.4898979485566356,0.4644203640128238,-0.9575589105233164
"(1Z)-2-chloro-1-(2,4,5-trichlorophenyl)ethenyl dimethyl phosphate",rabon,red,COP(=O)(OC)O\C(=C/Cl)C1=CC(Cl)=C(Cl)C=C1Cl,"InChI=1S/C10H9Cl4O4P/c1-16-19(15,17-2)18-10(5-11)6-3-8(13)9(14)4-7(6)12/h3-5H,1-2H3/b10-5-",calculation-result-20240129-223338,1.254433900306474,C10H9Cl4O4P,True,-0.6448428900743313,0.5732196276196797,-0.6217567608386437,-0.8783100656536798,0.2482817665807105,0.358152779169461,-1.421534109512435,-0.4120816918460671,-0.4777264109769438,0.0,-0.36449432074601,0.2796576020346628,0.2406841248208929,-0.9139643587437852,0.95947195447358,0.2666747497957688,-0.2370676700589897,-0.6110545489552858,-0.36449432074601,0.4151328166430036,0.2056618706362938,0.1165411211422849,-0.634683575761129,0.9594071961816092,-0.9139643587437852,0.95947195447358,-0.3143766217536178,-0.5299607725285659,-0.4311954870442314,0.6761276507540225,-0.0667811751516838,-1.552347455492012,1.5404764101598936,0.6072625581995533,0.461348723774572,1.1345581730530048,-0.5157094594464782,0.4998159860730802,0.7813196215165777,0.6953467766972192,1.199329338921102,-1.1088084245751215,0.691223419610465,3.2634694051177404,0.2797514424720937,0.1627659622402537,-0.7654288305260922,1.9283746656847691,1.302172098423647,-2.0412414523193148,-2.15322168769582,-2.1446944084961523
O-ethyl O-4-nitrophenyl phenylphosphonothioate,santox,red,CCOP(=S)(OC1=CC=C(C=C1)N(=O)=O)C1=CC=CC=C1,"InChI=1/C14H14NO4PS/c1-2-18-20(21,14-6-4-3-5-7-14)19-13-10-8-12(9-11-13)15(16)17/h3-11H,2H2,1H3",calculation-result-20240129-223404,0.4519060588261488,C14H14NO4PS,True,0.4033286990352562,1.141853498218402,1.130466837888443,-0.3282572972645065,1.531070893914381,1.6643570326110249,-1.6320479187236714,-0.4120816918460671,0.5436197090427292,0.0,0.8574602685605006,0.7681224885455551,0.8922085735384048,-0.540563719024126,1.2617258441921488,0.5181505768394101,0.4168242213625874,0.1009206735434763,0.8574602685605006,0.3031473269741468,0.453822135204811,0.3189374659832303,0.7330059569118149,1.2619257884643875,-0.540563719024126,1.2617258441921488,-0.3143292402519462,3.2316354265052523,1.2149117017124529,-0.8718151318634966,0.387393334219531,-1.284681619939681,-0.279061231791045,1.0370577854546357,0.5951892970594868,0.9512927051648344,-1.0759621554405645,1.056165900328739,-0.2437228226885385,-0.4029896784735498,0.073410435327301,-1.569094607806861,0.691223419610465,-0.518495139130856,0.2797514424720937,2.8401281399947567,-0.3655627721351678,1.9283746656847691,-0.7679476477883044,0.4898979485566356,0.4644203640128238,-1.292123161722618
"O,O-diethyl {[(tert-butylsulfanyl)methyl]sulfanyl}phosphonothioate",terbufos,red,CCOP(=S)(OCC)SCSC(C)(C)C,"InChI=1S/C9H21O2PS3/c1-6-10-12(13,11-7-2)15-8-14-9(3,4)5/h6-8H2,1-5H3",calculation-result-20240129-223203,-0.204416827711571,C9H21O2PS3,True,0.553067497479483,-0.5640481135777651,-0.6217567608386437,0.7718482395138399,-1.03450736075296,-0.9480514742721028,1.3853166799707166,-0.4120816918460671,-1.4990725309966169,0.0,-2.0108778094120563,0.4338185059334908,0.3395265091348745,-0.3473064563226387,0.6057425114841638,0.3580567650132999,0.6149774872488889,0.6761937829368996,-2.0108778094120563,-0.3701831488829046,0.0849967878644456,-0.207293030603229,0.7134675350164867,0.6059408828599334,-0.3473064563226387,0.6057425114841638,-0.314234477248603,-0.0581630921372482,0.935651038196479,-1.0205525233794792,-0.0564437486498522,0.5733071719511735,-1.4045725560945483,-2.2733625442501326,1.2741469692701983,-1.04144067694651,1.5028283611160116,-2.0682578621976546,-1.5685581963929758,-1.24847815347738,-1.9429811200589449,-0.314709553480433,-1.349531438287098,-0.518495139130856,0.2797514424720937,-0.3393987086858298,-0.7654288305260922,-0.7284970959253574,-0.7679476477883044,0.4898979485566356,0.4644203640128238,-0.2771578005336548
"O,O-dimethyl {[2-(ethylsulfanyl)ethyl]sulfanyl}phosphonothioate",veltin,red,CCSCCSP(=S)(OC)OC,"InChI=1S/C6H15O2PS3/c1-4-11-5-6-12-9(10,7-2)8-3/h4-6H2,1-3H3",calculation-result-20240129-223324,-0.9962192091768022,C6H15O2PS3,True,-0.794581688518558,-1.4169989194758488,-0.6217567608386437,0.2217954711246666,-1.03450736075296,-0.9480514742721028,1.3853166799707166,-0.4120816918460671,-1.4990725309966169,0.0,-2.0108778094120563,-0.524057672224395,-0.5994761418479493,0.3411725420514087,-0.276601267017422,-0.8369208406318077,-0.7618197315756902,-0.4080943687805171,-2.0108778094120563,-1.4205786912199054,-0.5486846216606684,-1.5228692720693786,0.6646214802781675,-0.276339016840866,0.3411725420514087,-0.276601267017422,-0.3079880159448966,-0.4393836283800746,0.9172781604583384,-1.1474989300219398,-0.6929570916608352,0.059985713701072,-0.8752780414220885,-1.8041735840818685,1.7667798447615903,-0.8778241146374106,0.8744170383099605,-2.12413280880596,-0.7979730334277272,-0.2497058430806638,-1.3484106644713458,-0.7682474506878597,-1.349531438287098,-0.518495139130856,0.2797514424720937,-0.3393987086858298,-0.7654288305260922,-0.7284970959253574,-0.7679476477883044,0.4898979485566356,0.4644203640128238,0.5226549121062688
